Thu Oct  7 10:36:40 2021,1021,3,500,11100,-5000,5000,0,0,0,0,0,0,,nan,nan,nan,nan,nan,nan,nan,nan,/Users/zelbitar/HEP_SOFT/taf.git/taf/datDSF//run1021_01.root
Thu Oct  7 10:37:14 2021,1021,3,500,11100,-5000,5000,0,0,0,0,0,0,,nan,nan,nan,nan,nan,nan,nan,nan,/Users/zelbitar/HEP_SOFT/taf.git/taf/datDSF//run1021_01.root
Thu Oct  7 10:38:48 2021,1021,3,500,11100,-5000,5000,0,0,0,0,0,0,,nan,nan,nan,nan,nan,nan,nan,nan,/Users/zelbitar/HEP_SOFT/taf.git/taf/datDSF//run1021_01.root
Thu Oct  7 10:41:31 2021,1021,3,-11100,-500,-5000,5000,13768,14166,97.1905,0.138837,1.90111,0.00878682,,0.405,0.412,0.0871,0.0825,0.0053,0.00429,0.00145,0.000944,/Users/zelbitar/HEP_SOFT/taf.git/taf/datDSF//run1021_01.root
Thu Oct  7 10:51:28 2021,1021,3,-11100,-500,-5000,5000,98923,112192,88.173,0.0964106,1.90356,0.00326077,,0.402,0.413,0.0912,0.0806,0.00423,0.00534,0.00147,0.000829,/Users/zelbitar/HEP_SOFT/taf.git/taf/datDSF//run1021_01.root
